{"total_flos":1.6903460537499648e+16,"train/global_step":100,"train/learning_rate":0,"train_loss":2.155519962310791,"_runtime":484.029418732,"train/grad_norm":0.21327587962150574,"train_steps_per_second":0.219,"eval/loss":2.1256651878356934,"eval/runtime":29.2211,"eval/steps_per_second":4.415,"_timestamp":1.741331011757851e+09,"train_runtime":455.6635,"train/epoch":0.6920415224913494,"train_samples_per_second":14.045,"eval/samples_per_second":35.146,"_wandb":{"runtime":486},"_step":11,"train/loss":2.1326}