{"_step":11,"_wandb":{"runtime":484},"train/grad_norm":0.21433565020561218,"train_samples_per_second":14.037,"_timestamp":1.741330051648091e+09,"train_runtime":455.9367,"train/epoch":0.6920415224913494,"eval/samples_per_second":35.127,"_runtime":484.086109711,"train/loss":2.1325,"train/learning_rate":0,"train_loss":2.1554392623901366,"total_flos":1.6903460537499648e+16,"eval/runtime":29.2364,"eval/steps_per_second":4.412,"train_steps_per_second":0.219,"train/global_step":100,"eval/loss":2.125645160675049}