{"eval/samples_per_second":33.978,"eval/steps_per_second":4.268,"train/loss":2.0218,"_timestamp":1.7414891004669263e+09,"train_samples_per_second":13.655,"_step":11,"_runtime":498.019997169,"train/epoch":0.6920415224913494,"eval/runtime":30.2258,"train_steps_per_second":0.213,"train_runtime":468.7024,"_wandb":{"runtime":504},"eval/loss":2.010953664779663,"train/grad_norm":0.20408660173416138,"train/global_step":100,"train/learning_rate":0,"train_loss":2.048555393218994,"total_flos":1.7359916028198912e+16}