{"_runtime":142.93096307,"_wandb":{"runtime":177},"train/global_step":30,"train/epoch":15,"_timestamp":1.7418363973201642e+09,"train/loss":1.3752,"train/grad_norm":0.7933580875396729,"_step":2,"train/learning_rate":0.00015877852522924732}