{"train_steps_per_second":0.219,"train_loss":2.1556408500671385,"train/global_step":100,"_timestamp":1.7413294139708748e+09,"train_samples_per_second":14.032,"_wandb":{"runtime":485},"train/loss":2.1328,"eval/samples_per_second":35.161,"eval/steps_per_second":4.416,"train/learning_rate":0,"_runtime":484.444114722,"_step":11,"train/epoch":0.6920415224913494,"train_runtime":456.0972,"eval/loss":2.1256308555603027,"total_flos":1.6903460537499648e+16,"eval/runtime":29.2088,"train/grad_norm":0.21188294887542725}