{"train/grad_norm":0.2629818022251129,"eval/samples_per_second":34.319,"eval/loss":3.963351011276245,"_timestamp":1.741490036426379e+09,"total_flos":1.5874987537833984e+16,"_step":11,"train/epoch":50,"train/learning_rate":0,"train_steps_per_second":0.209,"train/global_step":100,"_wandb":{"runtime":484},"train_runtime":479.1601,"_runtime":478.708871353,"eval/runtime":0.3788,"eval/steps_per_second":5.28,"train_loss":0.77634297311306,"train_samples_per_second":13.357,"train/loss":0.0631}