{"_runtime":470.265025264,"train/loss":0.0447,"train_runtime":470.7502,"total_flos":1.5660133102215168e+16,"_wandb":{"runtime":476},"train_loss":0.7015669253468514,"_timestamp":1.741837082093301e+09,"eval/samples_per_second":35.642,"train/learning_rate":0,"train_samples_per_second":13.595,"train_steps_per_second":0.212,"train/epoch":50,"train/grad_norm":0.20227614045143127,"eval/steps_per_second":5.483,"_step":11,"train/global_step":100,"eval/loss":4.2002692222595215,"eval/runtime":0.3647}