{"_wandb":{"runtime":487},"train_steps_per_second":0.219,"eval/steps_per_second":4.413,"train_loss":2.155454978942871,"eval/samples_per_second":35.132,"train/grad_norm":0.21434442698955536,"eval/loss":2.125615119934082,"_runtime":484.348290257,"train_runtime":455.9841,"eval/runtime":29.2329,"train/global_step":100,"train/epoch":0.6920415224913494,"_timestamp":1.7413315543109357e+09,"train_samples_per_second":14.036,"total_flos":1.6903460537499648e+16,"train/learning_rate":0,"_step":11,"train/loss":2.1328}