{"train_samples_per_second":14.033,"train/global_step":100,"eval/steps_per_second":4.412,"eval/samples_per_second":35.128,"_runtime":484.439942733,"train_loss":2.155464000701904,"_step":11,"train_runtime":456.0597,"eval/loss":2.125483989715576,"total_flos":1.6903460537499648e+16,"train/grad_norm":0.21245421469211578,"train/learning_rate":0,"_wandb":{"runtime":490},"train/epoch":0.6920415224913494,"eval/runtime":29.2359,"train_steps_per_second":0.219,"train/loss":2.1326,"_timestamp":1.7414868121671321e+09}