{"_step":11,"_runtime":483.959063803,"eval/runtime":29.2192,"train/loss":2.1328,"train_samples_per_second":14.047,"eval/samples_per_second":35.148,"total_flos":1.6903460537499648e+16,"_wandb":{"runtime":489},"eval/loss":2.1256463527679443,"train/epoch":0.6920415224913494,"train_steps_per_second":0.219,"train/grad_norm":0.21174634993076324,"train_runtime":455.6157,"train/global_step":100,"train_loss":2.15561861038208,"_timestamp":1.7414873748065546e+09,"train/learning_rate":0,"eval/steps_per_second":4.415}