{"train_runtime":472.5857,"train_steps_per_second":0.212,"_timestamp":1.7415978530884948e+09,"train_loss":0.7472376155853272,"train/loss":0.0525,"_step":11,"eval/loss":4.264950275421143,"train/global_step":100,"eval/runtime":0.3596,"train/learning_rate":0,"train/epoch":50,"train_samples_per_second":13.543,"eval/samples_per_second":36.156,"_wandb":{"runtime":478},"_runtime":472.074378358,"total_flos":1.5505571893518336e+16,"eval/steps_per_second":5.562,"train/grad_norm":0.20921897888183594}