{"_step":11,"_runtime":488.023505121,"eval/steps_per_second":4.419,"eval/runtime":29.1895,"train/global_step":100,"train_samples_per_second":13.921,"train/epoch":0.6920415224913494,"total_flos":1.6903460537499648e+16,"_wandb":{"runtime":488},"train/learning_rate":0,"eval/samples_per_second":35.184,"train_runtime":459.726,"eval/loss":2.125725030899048,"_timestamp":1.7412529777182517e+09,"train_loss":2.1555514907836915,"train/loss":2.1329,"train_steps_per_second":0.218,"train/grad_norm":0.212136909365654}