{"eval/steps_per_second":5.588,"eval/samples_per_second":36.319,"train_runtime":468.9298,"train/loss":0.0506,"eval/loss":4.266089916229248,"train/grad_norm":0.20544825494289398,"_wandb":{"runtime":474},"train/global_step":100,"train_loss":0.7437986093759537,"train_steps_per_second":0.213,"total_flos":1.5505571893518336e+16,"_timestamp":1.7414914323039675e+09,"_runtime":468.437589259,"train_samples_per_second":13.648,"eval/runtime":0.3579,"train/epoch":50,"train/learning_rate":0,"_step":11}